0;5;7793;309
1;3;5922;69
2;5;7742;201
3;12;18274;92
4;13;10208;81
5;2;1092;120
6;2;928;43
7;9;10245;14747
8;2;2619;280
9;5;6503;191
10;11;16861;153
11;9;8265;138
12;8;7305;235
13;9;10347;143
14;7;7044;297
15;11;10189;144
16;10;7891;0
17;4;4024;186
18;10;7092;0
19;3;2499;112
20;8;8159;0
21;10;7126;597
22;9;8346;284
23;8;5417;76
24;11;13737;407
25;1;670;164
26;4;7306;0
27;8;7387;67
28;2;2856;51
29;8;8968;291
30;12;11366;400
31;5;991;191
32;7;3783;68
33;3;5868;300
34;2;1220;101
35;2;1964;179
36;9;10783;300
37;4;4679;154
38;10;11976;154
39;7;8180;326
40;3;5868;127
41;9;6447;198
42;7;5736;488
43;3;2109;113
44;4;4063;228
45;3;1447;77
46;9;10649;266
47;5;7658;199
48;3;5847;0
49;2;1720;37
50;6;8154;279
51;2;2088;71
52;11;13625;298
53;10;9853;78
54;2;2152;117
55;6;4914;84
56;4;5633;149
57;8;8208;170
58;9;10293;64
59;11;9193;145
60;7;9220;14455
61;4;1796;149
62;6;6743;182
63;6;4391;0
64;2;3508;46
65;7;9437;198
66;5;6832;296
67;3;3654;77
68;7;9228;163
69;14;12824;282
70;4;1382;94
71;7;8548;137
72;6;7655;249
73;5;9854;161
74;3;4472;59
75;3;4170;100
76;10;8267;334
77;9;12256;0
78;4;3492;86
79;3;3710;14548
80;10;12454;233
81;7;6458;212
82;2;3790;71
83;5;5519;48
84;5;5017;197
85;6;5289;106
86;2;2290;77
87;9;6095;314
88;8;4268;73
89;4;4841;115
90;5;5182;355
91;5;5692;95
92;3;4599;168
93;5;7852;99
94;3;954;222
95;3;4551;294
96;8;12468;145
97;3;5616;179
98;2;2894;186
99;7;4985;163
100;12;12074;223
101;3;4491;149
102;8;7351;272
103;10;12197;381
104;3;2829;74
105;6;4527;194
106;9;13858;207
107;8;8974;406
108;4;2466;122
109;4;3396;139
110;5;3103;202
111;10;6338;153
112;8;3405;183
113;3;2578;50
114;2;1306;54
115;4;4217;161
116;2;1147;137
117;8;7813;256
118;3;5551;169
119;1;318;168
120;6;7215;442
121;10;10053;389
122;2;3926;153
123;3;4528;166
124;9;8396;343
125;3;1737;182
126;11;6191;103
127;12;14316;691
128;5;9352;415
129;9;7895;143
130;7;6800;70
131;10;10134;70
132;5;6318;103
133;6;4995;294
134;12;14038;336
135;4;4130;61
136;3;3360;71
137;5;2714;191
138;4;6697;0
139;5;7585;53
140;6;8254;224
141;1;300;150
142;4;2648;209
143;8;6021;262
144;4;7302;104
145;7;10574;191
146;2;2258;144
147;2;3952;86
148;2;2440;80
149;6;6282;14459
150;9;9857;320
151;5;6568;291
152;10;15461;121
153;7;6007;150
154;8;7594;202
155;4;2975;123
156;1;641;102
157;1;414;0
158;14;6762;0
159;5;4683;270
160;5;2602;251
161;2;2908;141
162;7;7212;400
163;3;2585;96
164;4;1178;202
165;11;11099;297
166;6;8255;122
167;4;4429;162
168;10;9507;457
169;1;629;0
170;6;3594;89
171;5;2141;144
172;8;7433;81
173;7;8287;158
174;3;2965;72
175;6;10038;51
176;13;7916;202
177;8;13109;241
178;3;4558;125
179;4;4678;117
180;7;10054;242
181;3;1458;48
182;8;9252;210
183;7;5699;308
184;5;8384;314
185;10;7732;215
186;8;9065;185
187;1;1850;78
188;6;4518;162
189;1;1447;39
190;8;6414;99
191;2;3578;177
192;11;12714;0
193;7;11298;170
194;5;4592;191
195;1;256;66
196;10;14766;0
197;1;1044;212
198;9;8970;88
199;12;6621;-273
200;5;5540;230
201;10;9694;258
202;9;14534;580
203;9;12180;347
204;6;10521;92
205;2;1306;202
206;10;10473;223
207;2;1092;186
208;6;7698;0
209;6;8367;276
210;3;5991;74
211;10;13341;87
212;4;4783;0
213;3;2904;151
214;10;10288;215
215;11;6526;446
216;14;12137;253
217;2;2893;122
218;2;1282;0
219;9;10363;430
220;2;1936;112
221;9;14252;165
222;1;1997;139
223;8;6733;345
224;9;7493;241
225;7;8265;197
226;11;14529;630
227;10;9600;412
228;4;4607;313
229;6;7264;80
230;12;9692;83
231;9;10013;209
232;4;2827;166
233;4;3146;14623
234;2;2446;56
235;11;10918;372
236;3;3552;133
237;10;8958;244
238;4;6258;90
239;9;7362;129
240;6;6649;255
241;5;3932;164
242;6;7899;60
243;3;3887;145
244;6;6600;160
245;8;8692;189
246;4;6970;242
247;9;6402;133
248;8;9468;63
249;6;9901;107
250;6;7726;357
251;5;5291;156
252;9;10796;149
253;4;3171;87
254;9;8341;177
255;4;5888;211
256;7;9088;0
257;4;4638;173
258;2;1406;214
259;8;13257;76
260;11;13871;142
261;2;1998;128
262;8;8675;206
263;5;4728;113
264;7;6684;174
265;6;6796;133
266;2;2982;36
267;3;4138;70
268;9;8103;124
269;6;6002;174
270;4;3126;137
271;7;8146;249
272;10;12258;268
273;5;5854;211
274;6;4618;401
275;5;3502;278
276;5;4938;48
277;5;5409;193
278;6;7532;61
279;3;1884;125
280;3;1923;80
281;8;5519;88
282;3;4339;0
283;8;6591;92
284;4;5497;59
285;2;1812;177
286;7;7660;289
287;12;12486;396
288;1;1599;29
289;7;7294;116
290;3;5490;68
291;9;8033;67
292;13;12752;0
293;12;8139;126
294;11;20239;575
295;12;10759;83
296;2;2251;127
297;1;1557;48
298;1;1654;102
299;10;12773;76
300;11;11484;331
301;6;7488;76
302;12;13479;417
303;2;3483;82
304;8;6592;240
305;11;13145;284
306;8;7438;69
307;3;971;71
308;3;5490;123
309;8;12961;147
310;3;5847;190
311;1;1220;0
312;10;12155;83
313;7;4441;420
314;2;2665;0
315;7;9371;91
316;8;7081;75
317;4;3316;221
318;5;6434;201
319;9;4866;458
320;9;8055;170
321;11;6442;89
322;8;14324;82
323;12;17833;298
324;1;928;42
325;1;259;107
326;10;12811;186
327;1;1359;141
328;6;9778;253
329;9;5165;106
330;3;5889;191
331;3;3015;175
332;7;7183;67
333;10;9849;212
334;7;10909;96
335;7;11626;92
336;6;6900;92
337;6;6194;147
338;7;9403;141
339;3;3783;148
340;11;9722;299
341;8;11167;315
342;6;5398;169
343;11;7753;0
344;11;15100;72
345;5;3722;49
346;5;5696;231
347;2;1999;34
348;3;2507;131
349;6;7995;54
350;7;9362;238
351;13;15715;101
352;5;9197;54
353;7;8226;57
354;12;14056;0
355;9;8711;273
356;10;11801;114
357;10;11107;147
358;5;8327;141
359;5;6307;386
360;7;10739;165
361;14;18280;152
362;4;5413;61
363;9;10320;0
364;2;3744;95
365;4;6011;119
366;6;5127;212
367;7;5021;103
368;11;10847;311
369;8;9951;74
370;4;4781;156
371;2;3114;226
372;7;9261;344
373;5;6098;53
374;3;5042;144
375;7;5941;166
376;3;1105;129
377;10;10979;394
378;10;16498;254
379;10;7820;280
380;8;6407;200
381;1;928;48
382;6;6118;185
383;7;6835;236
384;3;2769;199
385;11;11012;313
386;7;4626;55
387;1;462;30
388;3;2946;192
389;10;11035;390
390;7;7701;138
391;8;6278;380
392;2;924;79
393;1;923;69
394;9;11120;270
395;8;13558;127
396;9;6714;521
397;7;6714;230
398;7;7424;355
399;3;2580;264
400;11;8688;79
401;3;1032;96
402;13;17324;446
403;4;2833;132
404;2;828;209
405;2;972;64
406;3;1959;144
407;3;2076;226
408;5;2208;176
409;8;10334;241
410;6;6378;173
411;12;14998;297
412;9;7094;223
413;13;12874;463
414;8;4037;290
415;2;2178;124
416;1;1753;77
417;3;2718;148
418;5;7606;122
419;5;6695;84
420;11;7282;79
421;4;2305;56
422;5;8328;106
423;6;7122;199
424;7;9378;276
425;6;11238;199
426;12;15863;103
427;1;1963;162
428;5;6418;87
429;5;9557;151
430;6;4296;434
431;5;2978;260
432;2;2290;185
433;3;1881;103
434;8;9229;303
435;3;4183;0
436;11;6024;148
437;11;12750;179
438;11;14769;306
439;1;1599;117
440;5;6036;268
441;10;10477;195
442;2;1220;41
443;3;5616;53
444;9;7553;240
445;5;2080;96
446;11;11348;116
447;8;5470;359
448;3;2404;54
449;3;771;42
450;6;7389;87
451;5;5065;289
452;5;6602;51
453;5;9025;177
454;10;11247;136
455;8;8839;73
456;2;3158;125
457;10;12871;131
458;2;3790;34
459;6;2924;158
460;4;4780;76
461;4;5124;14501
462;2;512;187
463;9;9276;414
464;7;7412;114
465;5;6231;188
466;11;11228;170
467;8;6482;59
468;12;9825;182
469;2;518;90
470;13;15955;442
471;12;15391;349
472;5;6872;51
473;9;10032;69
474;4;7149;130
475;6;6552;88
476;7;10854;0
477;1;497;140
478;6;6286;147
479;1;140;166
480;4;7032;0
481;8;14239;200
482;1;546;82
483;7;10172;160
484;3;5847;347
485;7;2120;349
486;5;6889;92
487;7;12246;253
488;4;4936;102
489;8;10765;245
490;8;9061;131
491;8;2749;359
492;6;5763;224
493;6;7691;55
494;10;8259;504
495;1;1490;156
496;4;6167;144
497;6;5238;433
498;1;1447;80
499;11;8122;472
500;3;2625;197
501;3;2283;143
502;18;22390;293
503;3;4650;0
504;13;14245;99
505;6;10817;194
506;5;1992;0
507;8;7893;151
508;8;10312;64
509;4;7018;244
510;6;4827;301
511;7;5885;242
512;7;7305;118
513;20;26388;293
514;6;8921;126
515;3;5259;267
516;7;5835;146
517;3;771;331
518;6;5895;123
519;8;10040;247
520;3;2693;30
521;5;4199;305
522;11;6524;75
523;3;2829;160
524;6;8949;203
525;7;7553;371
526;4;5054;52
527;3;2558;136
528;2;3350;170
529;4;5477;224
530;7;8096;342
531;5;3001;285
532;3;2379;179
533;3;2682;146
534;3;1117;143
535;3;4578;199
536;2;1282;60
537;4;5382;139
538;9;8806;289
539;12;14544;315
540;6;6765;187
541;6;7334;404
542;7;8273;282
543;12;11311;422
544;10;7440;144
545;3;5259;222
546;3;4434;143
547;8;11455;329
548;9;10331;92
549;2;3468;159
550;8;6247;64
551;5;6425;234
552;3;888;72
553;5;8873;61
554;4;5265;291
555;8;7635;319
556;9;6159;72
557;10;10644;354
558;6;10823;368
559;5;5996;119
560;7;6218;205
561;10;12413;261
562;12;14817;77
563;7;2925;148
564;2;1720;137
565;8;8092;129
566;3;3504;0
567;2;3744;52
568;7;5223;77
569;6;6805;188
570;4;1756;119
571;3;5991;289
572;7;8203;149
573;3;4284;174
574;9;8949;139
575;4;2719;48
576;8;7889;0
577;4;6350;90
578;4;4232;318
579;3;2109;117
580;1;1089;0
581;3;3228;84
582;6;5428;154
583;5;9105;331
584;3;1032;237
585;3;4578;342
586;5;4779;174
587;7;5913;67
588;1;259;151
589;5;2513;144
590;4;4987;130
591;8;9570;478
592;7;9748;84
593;13;10191;337
594;10;14256;353
595;11;13222;587
596;9;7161;248
597;1;1359;230
598;13;14074;92
599;1;1993;150
600;5;4908;243
601;5;6019;123
602;6;6547;192
603;8;12273;238
604;2;1500;129
605;1;1990;168
606;3;614;76
607;9;9500;305
608;3;3060;58
609;3;1032;273
610;6;7652;-207
611;3;3941;55
612;10;12888;217
613;6;5928;161
614;3;5682;305
615;13;11265;84
616;9;8559;151
617;4;2021;209
618;8;9980;397
619;7;5746;61
620;12;8805;260
621;10;8856;78
622;1;338;40
623;3;3510;143
624;6;6033;52
625;4;7126;95
626;3;3660;151
627;4;4556;75
628;5;4743;192
629;6;6833;0
630;5;2929;330
631;3;5097;130
632;6;7002;86
633;8;8304;130
634;2;1540;222
635;6;8507;253
636;7;6057;14859
637;11;17616;192
638;4;3757;132
639;8;7943;184
640;7;4005;0
641;1;1779;135
642;3;4836;34
643;1;140;-149
644;1;906;63
645;4;4983;134
646;8;12664;231
647;12;9312;146
648;1;1599;201
649;10;7990;84
650;7;8973;69
651;3;2167;109
652;11;8345;245
653;9;11552;101
654;6;5839;197
655;2;3224;51
656;2;3578;100
657;4;5259;47
658;4;5320;87
659;1;923;154
660;9;12675;66
661;1;1976;181
662;5;4430;207
663;5;7622;116
664;3;5146;283
665;8;6267;185
666;3;3517;-303
667;3;2283;47
668;11;10725;285
669;3;5551;181
670;6;4276;92
671;10;13116;76
672;8;10490;290
673;2;515;119
674;8;11329;207
675;9;8591;234
676;5;2991;172
677;4;4988;101
678;1;1273;86
679;8;11676;101
680;5;7857;119
681;11;9452;236
682;2;2156;154
683;5;8283;201
684;3;567;138
685;3;3504;66
686;5;3088;0
687;5;6289;49
688;7;6232;242
689;5;4584;194
690;9;9015;220
691;1;1020;101
692;4;6710;147
693;4;3464;0
694;2;1340;152
695;5;3270;0
696;11;10701;209
697;5;5271;140
698;11;8548;282
699;6;5685;234
700;2;1134;123
701;5;2475;217
702;7;7105;99
703;1;1497;119
704;7;6628;240
705;4;1157;221
706;5;4962;55
707;9;9951;79
708;7;10992;146
709;8;8674;65
710;1;1789;137
711;10;10982;344
712;5;4170;0
713;5;3388;65
714;3;1678;42
715;1;1076;26
716;2;600;66
717;10;14666;92
718;7;5135;332
719;1;1120;49
720;8;8672;78
721;6;4421;212
722;4;2307;63
723;9;9566;272
724;4;3348;199
725;3;3100;124
726;8;6715;217
727;7;10713;63
728;11;9751;458
729;6;8241;125
730;5;5156;81
731;1;629;53
732;5;6832;238
733;8;9398;121
734;6;8598;14692
735;8;5404;109
736;3;1188;194
737;3;3758;228
738;4;1696;0
739;8;8902;422
740;3;567;336
741;10;7401;66
742;9;7834;507
743;5;3778;47
744;9;8084;262
745;13;19741;506
746;9;14412;354
747;1;1830;52
748;7;8557;129
749;4;2549;236
750;4;6146;58
751;5;5494;56
752;9;12243;171
753;4;3281;84
754;9;9541;130
755;6;9595;272
756;14;23633;107
757;3;1923;133
758;4;3803;48
759;7;5966;302
760;8;5104;68
761;6;5840;197
762;8;4394;128
763;11;14772;300
764;2;3926;0
765;9;11601;268
766;4;5424;82
767;10;7845;0
768;3;5328;108
769;7;4437;121
770;7;5334;126
771;4;3901;272
772;8;10605;0
773;2;2156;178
774;7;7309;263
775;8;9766;209
776;2;620;75
777;2;814;132
778;10;14924;231
779;9;6317;166
780;2;2612;223
781;2;3871;118
782;10;9204;465
783;10;12349;149
784;5;7319;114
785;6;7489;291
786;4;1799;273
787;6;9645;280
788;22;24248;156
789;9;11173;0
790;3;5979;164
791;5;8435;176
792;8;7034;360
793;9;8357;63
794;9;7498;319
795;9;8916;67
796;4;4681;319
797;8;9887;263
798;8;9876;57
799;1;245;80
800;2;3486;36
801;11;12559;293
802;4;3714;165
803;6;9435;268
804;8;13990;59
805;5;4298;109
806;12;15171;0
807;2;514;0
808;6;5995;302
809;10;10448;383
810;11;12641;150
811;2;1720;202
812;5;7420;426
813;6;9281;151
814;5;7750;181
815;9;12032;70
816;12;11283;125
817;10;8812;239
818;7;5709;225
819;2;3558;77
820;5;3337;263
821;1;1997;78
822;4;1624;189
823;2;1666;69
824;4;2744;108
825;6;3072;53
826;2;3066;135
827;6;3437;0
828;7;5871;117
829;1;1743;171
830;4;6473;193
831;5;2655;158
832;6;7202;152
833;5;4936;232
834;10;8739;390
835;13;10159;357
836;11;6130;151
837;2;378;77
838;7;8525;291
839;13;12227;221
840;6;10384;113
841;2;2368;0
842;11;12102;0
843;6;5785;205
844;7;6063;188
845;7;6590;222
846;4;1510;145
847;7;10635;78
848;2;2040;142
849;5;6430;111
850;2;1500;0
851;1;1599;97
852;13;12038;408
853;6;8832;77
854;10;7108;227
855;6;6201;112
856;8;8195;317
857;6;4774;106
858;4;6213;170
859;13;8959;326
860;8;6358;235
861;4;4445;98
862;5;6137;191
863;4;4290;138
864;8;9367;81
865;3;2946;194
866;8;6793;450
867;3;3552;79
868;10;8572;323
869;4;2390;43
870;7;10807;190
871;1;397;61
872;10;4454;379
873;8;6088;0
874;8;9137;187
875;3;4472;107
876;13;8306;112
877;3;1757;82
878;6;5131;367
879;9;12570;198
880;8;10643;129
881;8;8592;64
882;8;7781;125
883;8;9177;185
884;5;6022;193
885;3;3228;150
886;4;2301;0
887;11;11580;356
888;12;8518;197
889;7;11661;377
890;9;10074;148
891;9;10035;159
892;9;8125;100
893;10;11475;136
894;4;3019;149
895;7;9954;189
896;10;13740;158
897;5;4368;263
898;2;696;113
899;7;6637;289
900;10;12559;143
901;6;6633;346
902;1;1428;75
903;7;11771;304
904;3;5337;277
905;5;8333;0
906;6;5583;490
907;5;5645;141
908;1;1491;34
909;3;2435;225
910;5;5825;235
911;8;8611;175
912;10;11778;122
913;8;6053;262
914;9;7158;342
915;10;11182;-125
916;6;1854;142
917;1;1273;87
918;6;4490;71
919;14;15939;92
920;4;4609;85
921;3;3198;0
922;2;3308;166
923;8;10159;140
924;5;7553;131
925;12;14019;381
926;1;1873;0
927;2;1254;44
928;10;9688;260
929;2;2825;37
930;1;1526;45
931;1;1976;177
932;9;11861;134
933;9;8415;241
934;3;3449;212
935;5;8221;163
936;5;7743;57
937;6;5892;180
938;2;620;130
939;4;2608;158
940;7;10400;249
941;2;1258;14671
942;8;8748;79
943;4;5052;42
944;3;3174;100
945;4;2517;104
946;5;3079;77
947;2;924;182
948;8;9696;208
949;5;3422;149
950;9;10938;248
951;11;9816;414
952;6;6348;54
953;10;9761;0
954;3;3625;197
955;5;3092;61
956;8;11051;105
957;10;13508;215
958;5;5646;146
959;1;1612;126
960;9;8879;257
961;8;10143;226
962;9;9886;121
963;13;16596;87
964;3;4434;114
965;10;8123;186
966;4;2083;212
967;2;994;305
968;9;5459;262
969;5;2954;374
970;9;8381;196
971;8;10481;411
972;11;9124;94
973;5;1465;95
974;4;3952;107
975;5;4445;47
976;2;1198;179
977;8;11392;14943
978;3;3274;76
979;13;10001;276
980;10;7140;220
981;12;16992;552
982;9;7926;162
983;12;14489;410
984;7;8829;512
985;9;6798;0
986;3;3194;211
987;7;4347;220
988;9;7539;0
989;10;6196;104
990;1;628;102
991;4;5210;271
992;5;7073;137
993;5;6817;0
994;1;318;235
995;11;12252;304
996;1;1872;168
997;3;1228;144
998;4;4786;45
999;11;13482;267
1000;2;1972;42
1001;6;5344;225
1002;10;6689;135
1003;11;17481;380
1004;3;4671;61
1005;11;13522;620
1006;7;7518;62
1007;3;4473;118
1008;10;11102;347
1009;2;512;77
1010;9;9287;213
1011;6;7253;172
1012;2;1220;46
1013;4;4649;231
1014;3;2718;212
1015;6;3398;269
1016;12;7181;107
1017;4;5116;68
1018;10;10813;257
1019;5;8900;81
1020;5;4127;14573
1021;7;7440;349
1022;9;10315;345
1023;6;6071;167
1024;7;10881;116
1025;3;5202;78
1026;1;1990;29
1027;7;12927;65
1028;9;6883;0
1029;4;6210;66
1030;10;9270;247
1031;5;8974;52
1032;5;3044;0
1033;6;9894;145
1034;6;6170;0
1035;13;10353;319
1036;6;1977;0
1037;9;5299;211
1038;3;3642;156
1039;5;5501;95
1040;4;2003;194
1041;6;4344;74
1042;3;1939;163
1043;6;3267;46
1044;3;5616;50
1045;7;8639;210
1046;7;4568;65
1047;6;9750;108
1048;6;7821;104
1049;6;7535;149
1050;9;11059;211
1051;14;13136;375
1052;2;3066;171
1053;5;3875;65
1054;6;3386;176
1055;5;5903;296
1056;6;5721;63
1057;7;9603;323
1058;1;982;80
1059;6;7560;257
1060;4;1053;293
1061;4;2574;154
1062;5;4021;0
1063;8;6138;277
1064;6;6301;151
1065;7;6072;110
1066;10;10063;274
1067;7;6157;100
1068;10;12430;297
1069;1;1850;89
1070;9;12914;257
1071;2;1256;136
1072;5;4416;53
1073;7;6108;213
1074;7;3121;0
1075;1;1956;68
1076;9;11937;379
1077;3;5025;71
1078;9;5582;171
1079;9;13757;485
1080;3;1032;136
1081;1;627;56
1082;6;5512;254
1083;7;8380;284
1084;12;21056;290
1085;4;3858;107
1086;1;1497;149
1087;8;8377;308
1088;2;2756;228
1089;5;6246;201
1090;5;4143;181
1091;5;8290;190
1092;1;1533;161
1093;7;8960;190
1094;2;2638;83
1095;1;903;116
1096;3;5202;150
1097;4;4520;276
1098;12;14699;315
1099;1;567;91
1100;3;2580;64
1101;5;8814;111
1102;9;11082;129
1103;8;8989;134
1104;7;6792;396
1105;1;764;44
1106;6;5746;61
1107;3;3066;48
1108;4;6537;113
1109;8;6571;168
1110;6;6006;85
1111;14;13748;144
1112;6;5392;190
1113;12;16149;501
1114;9;9556;139
1115;10;12808;64
1116;2;1720;47
1117;6;5120;113
1118;2;2240;57
1119;3;2010;152
1120;7;2981;485
1121;7;8490;209
1122;3;1776;283
1123;5;2372;200
1124;7;6866;250
1125;3;5685;36
1126;5;4422;276
1127;8;7928;116
1128;2;3912;74
1129;9;7069;424
1130;9;9585;0
1131;6;7746;103
1132;3;3466;170
1133;4;4726;221
1134;13;13222;78
1135;9;5022;231
1136;8;11528;64
1137;5;2481;92
1138;4;4614;234
1139;5;7589;63
1140;7;9777;352
1141;5;4265;370
1142;2;514;80
1143;1;1830;75
1144;1;641;105
1145;5;8278;93
1146;3;5550;39
1147;1;764;153
1148;4;1301;147
1149;3;2454;201
1150;5;4062;174
1151;9;14077;14467
1152;6;5420;447
1153;10;9642;387
1154;8;6870;158
1155;8;8314;72
1156;2;1720;99
1157;3;5259;205
1158;3;4575;170
1159;11;13088;117
1160;5;6657;118
1161;2;3506;71
1162;1;259;146
1163;4;5426;285
1164;3;2217;312
1165;9;12513;465
1166;2;512;72
1167;1;1830;103
1168;7;4633;77
1169;11;8102;72
1170;2;3912;39
1171;6;3414;255
1172;2;620;72
1173;12;19674;422
1174;10;11131;151
1175;6;7428;0
1176;3;2821;49
1177;12;10590;0
1178;7;6069;0
1179;8;11001;207
1180;7;9276;121
1181;9;13311;248
1182;1;1273;14538
1183;5;8664;75
1184;8;5659;208
1185;3;2829;296
1186;7;11547;254
1187;1;1491;63
1188;8;5641;268
1189;6;8742;104
1190;1;1675;56
1191;1;1976;264
1192;6;5458;196
1193;11;12707;113
1194;5;2968;56
1195;1;1497;100
1196;2;1406;44
1197;12;18721;147
1198;5;4738;114
1199;7;8275;116
1200;11;12039;248
1201;3;2904;37
1202;3;1452;138
1203;8;13888;129
1204;4;6893;124
1205;5;4399;217
1206;1;397;31
1207;12;12705;0
1208;7;9447;348
1209;6;8897;194
1210;8;10897;193
1211;12;9907;395
1212;9;10502;107
1213;6;6364;231
1214;3;1887;142
1215;5;8732;398
1216;2;1636;237
1217;8;11364;187
1218;11;11461;485
1219;7;9805;122
1220;10;10726;363
1221;1;1789;201
1222;8;10004;128
1223;3;3660;38
1224;11;15464;120
1225;9;8046;92
1226;2;2368;73
1227;1;1184;128
1228;3;4706;156
1229;4;2826;0
1230;6;7347;106
1231;3;4855;153
1232;7;9077;394
1233;9;7514;130
1234;6;5680;104
1235;2;1306;65
1236;10;10093;67
1237;10;9209;203
1238;3;3819;43
1239;8;5561;219
1240;3;2109;114
1241;6;6900;183
1242;6;8142;205
1243;5;2507;146
1244;2;1023;83
1245;6;8170;169
1246;7;3458;221
1247;8;11616;211
1248;9;10973;80
1249;5;5231;46
1250;8;7897;78
1251;11;11994;282
1252;10;11031;419
1253;10;8634;71
1254;3;2044;40
1255;7;7660;300
1256;3;1386;92
1257;3;5430;255
1258;7;12387;139
1259;11;9845;516
1260;8;9776;172
1261;7;6117;232
1262;9;4505;209
1263;9;15088;255
1264;10;13430;213
1265;10;11868;228
1266;4;4128;44
1267;13;12230;682
1268;7;8316;328
1269;6;2235;58
1270;5;3770;228
1271;8;7974;291
1272;5;4487;91
1273;10;12321;341
1274;6;5713;69
1275;5;8556;98
1276;5;4743;0
1277;11;5961;116
1278;9;12055;370
1279;4;6416;86
1280;5;2281;171
1281;7;6164;54
1282;4;4897;310
1283;4;5105;140
1284;9;14378;217
1285;6;4670;102
1286;9;11155;193
1287;7;5635;220
1288;8;8819;218
1289;3;4491;98
1290;9;8000;210
1291;4;2140;71
1292;4;3663;95
1293;2;600;113
1294;5;4888;132
1295;10;9608;0
1296;4;3966;149
1297;12;15996;267
1298;8;9977;330
1299;8;10275;196
1300;3;819;133
1301;4;1820;68
1302;4;7575;123
1303;4;3657;244
1304;8;7528;200
1305;5;6729;343
1306;5;5380;207
1307;11;5487;89
1308;3;3198;119
1309;2;2132;203
1310;10;15413;272
1311;13;10182;321
1312;1;818;194
1313;3;930;159
1314;8;6144;267
1315;9;12150;66
1316;1;1493;136
1317;2;924;81
1318;3;3954;131
1319;5;3778;0
1320;8;4166;145
1321;8;7478;260
1322;7;7785;245
1323;8;7181;405
1324;10;14577;142
1325;9;11975;556
1326;12;7554;168
1327;10;10044;227
1328;9;8875;331
1329;3;4599;241
1330;2;3773;155
1331;12;6034;349
1332;7;6797;61
1333;10;11825;277
1334;3;5200;123
1335;2;3192;142
1336;7;5055;356
1337;6;5857;110
1338;6;3396;216
1339;3;2709;146
1340;6;11081;71
1341;7;7851;-65
1342;2;378;62
1343;2;3660;92
1344;9;10789;309
1345;12;14705;270
1346;7;5942;58
1347;9;8184;278
1348;9;11934;347
1349;9;3966;151
1350;5;6590;88
1351;2;773;108
1352;2;490;128
1353;2;1702;30
1354;10;4776;285
1355;6;4980;124
1356;2;2436;14523
1357;11;13276;304
1358;13;14714;108
1359;8;7444;478
1360;8;9451;64
1361;7;6199;103
1362;3;5012;134
1363;11;9448;310
1364;5;5996;320
1365;3;5262;46
1366;4;6934;52
1367;6;4986;213
1368;5;6881;116
1369;9;9417;252
1370;1;1447;148
1371;3;2718;276
1372;8;8532;61
1373;12;18189;547
1374;1;1478;216
1375;2;1806;106
1376;13;13252;106
1377;2;3952;180
1378;7;5814;429
1379;13;13862;82
1380;10;4959;0
1381;3;2878;108
1382;11;10909;157
1383;4;3823;102
1384;10;11133;272
1385;9;11196;70
1386;4;5629;42
1387;2;2132;189
1388;5;4719;205
1389;2;1254;107
1390;4;2888;81
1391;2;1256;185
1392;2;1456;198
1393;9;7411;227
1394;7;4583;302
1395;14;11126;175
1396;6;6301;101
1397;7;6597;185
1398;3;4362;14479
1399;4;5573;94
1400;10;10326;356
1401;7;5590;221
1402;10;14223;144
1403;9;8119;545
1404;9;9516;403
1405;1;860;58
1406;12;12236;171
1407;7;8449;192
1408;3;888;180
1409;6;9420;271
1410;1;273;96
1411;2;2718;125
1412;4;4042;199
1413;8;7942;248
1414;3;4362;87
1415;4;5288;40
1416;5;6729;147
1417;7;3957;116
1418;7;7332;62
1419;5;5169;148
1420;8;6143;137
1421;2;3660;71
1422;5;4927;202
1423;8;9203;115
1424;9;10398;557
1425;2;3578;167
1426;1;1044;132
1427;4;5284;140
1428;2;3700;147
1429;2;3660;143
1430;9;7698;68
1431;4;4406;120
1432;6;5395;56
1433;3;2485;93
1434;8;7262;133
1435;7;11821;66
1436;6;5947;157
1437;9;10563;175
1438;3;2184;164
1439;7;11037;139
1440;3;1392;183
1441;2;1936;100
1442;3;5868;64
1443;1;703;178
1444;12;14122;390
1445;6;6608;119
1446;1;140;128
1447;10;9951;559
1448;10;13004;154
1449;10;13038;487
1450;13;13323;213
1451;12;12432;168
1452;7;7316;311
1453;4;3056;74
1454;4;3148;50
1455;6;6649;176
1456;5;5816;60
1457;10;8021;468
1458;3;5004;133
1459;12;12539;303
1460;6;3522;183
1461;9;11731;135
1462;3;4267;243
1463;8;6296;223
1464;6;8529;235
1465;7;6808;188
1466;5;5078;192
1467;2;512;83
1468;2;3180;38
1469;3;1875;0
1470;10;13827;163
1471;5;3307;239
1472;8;7033;242
1473;6;8346;170
1474;10;6194;0
1475;7;3870;242
1476;6;6104;298
1477;6;5912;0
1478;6;7881;109
1479;6;9803;100
1480;4;6643;219
1481;1;237;76
1482;6;8214;180
1483;8;10410;59
1484;10;11818;251
1485;7;11037;129
1486;7;3606;157
1487;6;5602;450
1488;1;903;299
1489;8;10117;299
1490;11;6262;183
1491;2;2195;42
1492;5;5147;64
1493;6;5035;183
1494;11;11243;384
1495;8;13134;331
1496;7;5870;146
1497;4;5788;39
1498;6;9396;367
1499;4;4573;104
1500;5;4422;14496
1501;12;7754;332
1502;10;13410;218
1503;7;9258;75
1504;12;11526;263
1505;2;2146;40
1506;9;9928;383
1507;3;3324;104
1508;6;7409;107
1509;3;3568;93
1510;4;4776;62
1511;2;2012;65
1512;5;5310;49
1513;9;10722;546
1514;7;8038;533
1515;12;13136;0
1516;3;5922;69
1517;4;5853;219
1518;9;14918;137
1519;7;6410;113
1520;10;10809;73
1521;4;6620;148
1522;3;2784;45
1523;10;15866;180
1524;5;3662;182
1525;8;6885;310
1526;4;2196;82
1527;6;4943;120
1528;3;3504;76
1529;8;7442;273
1530;8;10780;316
1531;6;4530;117
1532;6;5066;68
1533;5;6650;389
1534;4;7227;128
1535;3;2618;197
1536;3;5991;103
1537;9;7149;212
1538;8;8752;159
1539;6;5914;389
1540;3;2774;78
1541;7;8438;249
1542;9;4891;130
1543;5;9019;327
1544;5;7166;0
1545;3;2557;275
1546;15;14700;120
1547;2;2756;102
1548;6;8536;256
1549;10;9919;65
1550;6;4769;300
1551;4;1716;37
1552;9;12762;161
1553;8;11642;65
1554;3;4530;43
1555;3;5328;185
1556;5;4960;170
1557;9;13735;432
1558;10;9229;225
1559;9;5061;74
1560;8;11730;202
1561;4;4283;184
1562;1;1993;66
1563;10;13119;222
1564;8;10065;295
1565;2;1257;14511
1566;5;4660;160
1567;7;7538;78
1568;9;7722;347
1569;10;8442;87
1570;3;2829;47
1571;10;7483;125
1572;6;2006;0
1573;3;1014;50
1574;1;610;90
1575;1;923;238
1576;6;4910;91
1577;1;906;109
1578;10;13513;283
1579;9;12219;176
1580;7;6466;-265
1581;3;4579;184
1582;9;7539;130
1583;1;259;93
1584;2;552;0
1585;5;6070;74
1586;11;15122;544
1587;7;10132;54
1588;1;245;82
1589;10;12245;97
1590;7;5572;216
1591;5;1214;181
1592;7;8106;188
1593;3;3360;115
1594;1;1273;38
1595;11;13104;118
1596;8;11058;341
1597;11;14629;315
1598;10;11408;269
1599;9;12549;309
1600;9;9217;77
1601;3;771;81
1602;1;1895;60
1603;3;4134;0
1604;8;10977;419
1605;7;9170;166
1606;6;7812;14497
1607;3;3519;42
1608;3;1221;0
1609;4;5442;43
1610;7;2808;362
1611;3;1242;111
1612;3;5970;174
1613;4;4086;118
1614;6;9085;128
1615;9;9770;135
1616;10;13516;177
1617;7;4930;407
1618;1;610;0
1619;9;13539;110
1620;4;5746;66
1621;8;5393;455
1622;10;10288;180
1623;6;7056;365
1624;8;7846;0
1625;5;6200;167
1626;6;5880;221
1627;3;5685;96
1628;2;474;49
1629;6;7936;101
1630;2;2446;33
1631;2;1861;84
1632;6;5294;159
1633;10;9624;185
1634;7;11752;346
1635;6;7921;176
1636;7;5132;223
1637;5;5401;148
1638;6;7816;191
1639;3;4142;140
1640;1;486;0
1641;7;1615;79
1642;6;11847;217
1643;4;4881;150
1644;4;4712;136
1645;9;5945;201
1646;8;8641;527
1647;9;8168;132
1648;3;954;77
1649;8;11952;168
1650;9;6414;324
1651;2;3912;133
1652;4;3773;300
1653;6;2912;62
1654;9;5834;280
1655;3;5922;155
1656;9;11415;130
1657;6;8287;193
1658;4;3609;90
1659;6;4046;191
1660;8;10318;73
1661;5;5566;56
1662;1;318;71
1663;7;11444;176
1664;2;2152;146
1665;5;8651;89
1666;4;2709;258
1667;7;10811;276
1668;4;5393;49
1669;9;12370;197
1670;11;12825;323
1671;11;13970;365
1672;4;5945;42
1673;4;5764;197
1674;9;13027;120
1675;9;10236;327
1676;5;5079;95
1677;1;257;34
1678;4;4418;96
1679;2;2718;51
1680;10;12920;0
1681;8;10668;323
1682;7;3114;230
1683;6;5121;259
1684;8;9205;273
1685;8;13066;131
1686;11;13514;340
1687;4;4276;14445
1688;9;10742;0
1689;5;4717;48
1690;2;620;112
1691;4;4393;133
1692;8;10030;242
1693;11;6680;274
1694;2;3578;40
1695;5;8332;224
1696;5;6850;56
1697;3;3032;72
1698;6;4780;254
1699;6;10518;83
1700;9;9168;0
1701;3;2981;234
1702;9;13131;56
1703;10;10838;176
1704;6;8316;108
1705;10;12120;428
1706;5;4795;183
1707;8;6925;304
1708;2;3912;177
1709;5;4024;224
1710;7;6896;60
1711;7;3356;181
1712;8;11204;103
1713;9;11130;85
1714;1;1078;176
1715;3;3507;199
1716;9;12002;61
1717;6;5913;118
1718;9;8742;78
1719;5;5606;57
1720;6;4901;14738
1721;8;7415;209
1722;5;8123;0
1723;4;4301;293
1724;2;928;46
1725;10;12354;304
1726;8;4677;346
1727;3;1873;82
1728;8;11603;290
1729;1;1478;99
1730;6;7144;172
1731;6;8970;231
1732;8;5655;192
1733;1;497;152
1734;7;5188;207
1735;5;6254;262
1736;7;8166;111
1737;5;6547;148
1738;7;8227;147
1739;9;8578;507
1740;3;3360;99
1741;3;3739;199
1742;8;10108;238
1743;11;14482;278
1744;1;1044;153
1745;3;1681;0
1746;4;2894;139
1747;3;3967;111
1748;9;12011;436
1749;10;11519;297
1750;12;9262;444
1751;7;9580;55
1752;6;3619;136
1753;8;10624;0
1754;11;11074;299
1755;5;6846;198
1756;10;11168;361
1757;8;8770;65
1758;3;5490;261
1759;7;6872;201
1760;11;9775;208
1761;5;3760;133
1762;11;13876;386
1763;9;11066;356
1764;5;5172;53
1765;1;1078;57
1766;4;5260;41
1767;3;5340;145
1768;9;13906;203
1769;6;1710;108
1770;3;1638;259
1771;8;12474;407
1772;1;189;64
1773;2;2602;121
1774;7;7411;52
1775;5;6106;89
1776;7;4589;76
1777;3;4836;138
1778;9;12834;254
1779;1;1273;108
1780;10;17439;274
1781;6;8623;320
1782;3;4999;129
1783;14;22245;662
1784;11;16778;250
1785;5;3358;59
1786;6;7765;312
1787;6;8885;64
1788;10;11308;278
1789;5;6780;181
1790;5;8021;304
1791;9;4551;68
1792;7;10266;319
1793;4;2826;116
1794;5;6556;198
1795;9;8835;217
1796;1;1976;133
1797;9;7013;296
1798;3;1392;0
1799;4;4738;94
1800;8;7979;337
1801;2;2756;43
1802;10;8046;127
1803;8;8541;216
1804;3;3504;60
1805;6;5866;399
1806;10;7342;603
1807;10;10997;220
1808;10;11471;72
1809;1;396;50
1810;9;5553;627
1811;4;2304;170
1812;6;8752;144
1813;4;7406;159
1814;6;4728;167
1815;3;2010;59
1816;2;1134;260
1817;10;16412;283
1818;1;703;38
1819;3;2274;138
1820;4;3168;268
1821;6;7093;137
1822;6;4762;134
1823;3;2769;188
1824;6;7353;243
1825;1;1076;99
1826;3;3859;45
1827;6;3750;239
1828;11;14688;112
1829;7;9266;123
1830;11;12591;234
1831;8;9932;197
1832;13;13214;559
1833;6;5611;210
1834;9;6933;14533
1835;6;7424;199
1836;2;828;170
1837;10;9574;281
1838;2;1636;59
1839;4;2699;191
1840;11;4281;230
1841;5;2954;217
1842;6;5140;254
1843;2;2787;65
1844;7;6010;128
1845;7;7169;63
1846;7;2712;258
1847;1;1020;0
1848;2;2956;182
1849;8;7900;57
1850;5;8085;107
1851;7;8684;70
1852;1;1306;34
1853;13;20167;104
1854;13;14153;87
1855;9;9648;133
1856;9;10883;320
1857;1;1873;133
1858;12;16020;128
1859;5;7301;0
1860;9;11254;66
1861;3;2709;211
1862;3;2784;201
1863;11;10973;87
1864;3;3234;76
1865;5;7972;180
1866;11;6981;329
1867;2;3486;144
1868;7;5761;232
1869;5;6698;37
1870;6;3142;198
1871;7;3811;254
1872;9;11544;551
1873;7;6827;67
1874;9;15361;195
1875;3;1887;140
1876;6;7077;251
1877;7;8712;209
1878;5;6277;99
1879;3;4470;280
1880;12;14658;433
1881;5;4435;0
1882;10;9111;110
1883;7;8298;69
1884;2;2980;98
1885;6;5773;91
1886;10;12636;259
1887;2;1575;72
1888;13;15492;441
1889;2;1220;335
1890;7;11002;58
1891;6;6517;234
1892;12;17331;329
1893;7;7205;68
1894;4;5505;130
1895;1;943;124
1896;20;23244;233
1897;1;1184;176
1898;6;8060;103
1899;10;10819;351
1900;6;8218;485
1901;13;23443;143
1902;7;2581;231
1903;11;13400;90
1904;9;10028;297
1905;10;4902;0
1906;7;10884;360
1907;5;4095;58
1908;10;14582;401
1909;10;12407;149
1910;2;2718;45
1911;8;9162;195
1912;6;4406;201
1913;7;3320;173
1914;4;4412;143
1915;7;4634;255
1916;6;6021;104
1917;5;6554;93
1918;2;514;172
1919;8;5113;0
1920;4;6033;211
1921;1;245;51
1922;10;10975;0
1923;10;16777;208
1924;3;2184;120
1925;8;4168;239
1926;4;2128;231
1927;14;14708;108
1928;7;7883;0
1929;3;5080;158
1930;8;7671;0
1931;3;3454;173
1932;11;9795;304
1933;5;4969;56
1934;2;3486;85
1935;8;7822;127
1936;3;4171;64
1937;5;2993;154
1938;9;12601;70
1939;10;8055;279
1940;12;13630;0
1941;5;4832;110
1942;4;7042;59
1943;2;1951;33
1944;9;7972;109
1945;1;860;99
1946;6;5866;52
1947;6;6069;346
1948;11;13740;234
1949;9;12836;342
1950;3;2283;60
1951;3;4962;204
1952;8;7817;194
1953;2;1886;111
1954;2;1456;237
1955;4;4046;53
1956;9;9834;307
1957;4;5784;0
1958;2;1340;38
1959;8;8576;158
1960;2;828;43
1961;6;11070;50
1962;4;3376;58
1963;8;10065;74
1964;9;10829;231
1965;2;2535;96
1966;3;819;186
1967;3;5616;40
1968;6;5345;134
1969;7;8468;55
1970;4;2918;133
1971;10;9652;251
1972;8;6827;136
1973;4;2944;112
1974;7;10088;218
1975;2;3486;28
1976;1;1076;83
1977;11;7988;264
1978;6;7895;112
1979;5;7014;148
1980;2;2341;98
1981;4;1535;54
1982;11;11386;92
1983;2;3952;0
1984;10;9721;299
1985;11;11072;98
1986;6;3806;212
1987;12;13722;249
1988;10;12587;266
1989;4;7464;185
1990;10;10726;337
1991;11;11997;136
1992;6;1962;204
1993;1;1612;151
1994;8;6409;242
1995;1;338;142
1996;6;5700;0
1997;6;8665;97
1998;12;11693;343
1999;4;6639;0
2000;5;6022;237
2001;8;6612;466
2002;8;10591;0
2003;2;3586;39
2004;7;7639;178
2005;8;8516;256
2006;11;14665;100
2007;2;2612;36
2008;6;5095;74
2009;1;1020;165
2010;10;10166;159
2011;5;1267;197
2012;10;10167;0
2013;2;3468;177
2014;1;641;141
2015;4;3087;124
2016;8;10759;173
2017;5;5578;68
2018;9;7425;14465
2019;2;2504;118
2020;2;924;138
2021;2;474;0
2022;5;8812;135
2023;8;10392;222
2024;9;8856;322
2025;3;5970;145
2026;10;13787;283
2027;5;9149;211
2028;7;5396;55
2029;12;18060;211
2030;7;7283;272
2031;5;4729;86
2032;9;10284;170
2033;5;3779;112
2034;8;5898;64
2035;8;7410;309
2036;1;310;62
2037;5;7705;-88
2038;2;3578;0
2039;10;9721;146
2040;2;1874;196
2041;11;12323;240
2042;5;8692;280
2043;4;5696;161
2044;5;6829;127
2045;11;10855;100
2046;3;3975;368
2047;6;7166;53
2048;6;8256;237
2049;6;7807;0
2050;2;3114;248
2051;7;3990;109
2052;5;6877;66
2053;7;8093;119
2054;8;6589;174
2055;12;14053;520
2056;11;11233;306
2057;3;3019;37
2058;9;15211;382
2059;6;8301;342
2060;3;930;147
2061;3;711;178
2062;4;5004;40
2063;1;1447;115
2064;10;9469;217
2065;11;17719;255
2066;6;6790;277
2067;11;7908;186
2068;3;1106;37
2069;9;10029;126
2070;6;5131;69
2071;13;16218;291
2072;5;8730;140
2073;4;2798;137
2074;9;6361;160
2075;11;8245;502
2076;8;9611;63
2077;2;1256;36
2078;5;5798;76
2079;10;11406;14547
2080;6;7989;70
2081;2;1812;38
2082;11;9546;0
2083;4;4233;190
2084;1;1020;91
2085;8;9239;226
2086;5;4207;177
2087;4;3202;138
2088;11;7621;150
2089;10;13772;354
2090;9;6325;322
2091;6;3102;122
2092;1;257;40
2093;5;3846;0
2094;6;4203;175
2095;8;8232;396
2096;1;818;26
2097;10;8468;82
2098;7;11767;70
2099;5;4079;121
2100;10;12611;291
2101;3;5229;184
2102;2;512;46
2103;9;8236;208
2104;11;12891;263
2105;2;2175;238
2106;4;6216;249
2107;8;7482;128
2108;2;3198;102
2109;1;968;105
2110;5;3310;173
2111;9;6178;148
2112;6;11982;76
2113;5;6622;77
2114;7;5208;164
2115;3;2842;116
2116;3;3966;134
2117;2;1220;0
2118;8;9908;259
2119;4;5429;127
2120;1;1754;32
2121;8;7232;457
2122;1;641;99
2123;9;13242;235
2124;1;1789;209
2125;3;2184;42
2126;10;11078;120
2127;5;6641;308
2128;11;15974;-154
2129;1;1956;49
2130;2;1936;39
2131;6;1336;80
2132;4;665;138
2133;4;4316;110
2134;3;1540;293
2135;9;12109;119
2136;6;7294;137
2137;5;5504;103
2138;2;2919;44
2139;10;10424;371
2140;5;7071;359
2141;11;15857;86
2142;10;14130;136
2143;4;2673;209
2144;4;4218;157
2145;5;9168;186
2146;5;3900;169
2147;7;7234;213
2148;10;7911;0
2149;10;12186;170
2150;9;8457;288
2151;10;8872;69
2152;11;12115;308
2153;2;1333;133
2154;6;7368;180
2155;11;16287;289
2156;6;8247;300
2157;11;14201;0
2158;2;1256;116
2159;8;10401;120
2160;12;14535;85
2161;5;6485;134
2162;5;6009;0
2163;7;8644;113
2164;5;1406;0
2165;1;653;274
2166;9;10348;65
2167;2;514;71
2168;2;1846;35
2169;1;1963;137
2170;9;10284;93
2171;1;318;140
2172;2;928;94
2173;2;1846;102
2174;3;2358;41
2175;2;2088;138
2176;3;768;122
2177;9;11223;342
2178;4;6916;104
2179;8;13598;325
2180;6;5688;64
2181;8;6633;230
2182;12;15300;481
2183;1;906;61
2184;9;7797;514
2185;10;9964;280
2186;12;11593;193
2187;3;1242;219
2188;9;11012;218
2189;4;2926;217
2190;13;17167;693
2191;9;9520;381
2192;10;14336;281
2193;4;5052;189
2194;8;12906;129
2195;4;5681;112
2196;8;6106;120
2197;3;888;294
2198;1;1359;116
2199;5;3084;88
2200;2;636;135
2201;6;6024;71
2202;8;10704;194
2203;10;11072;144
2204;8;4472;121
2205;8;9107;126
2206;4;3439;78
2207;4;3024;160
2208;8;7855;59
2209;2;1846;138
2210;10;12163;290
2211;5;5421;56
2212;6;5375;153
2213;9;12413;248
2214;7;6678;75
2215;10;11562;14469
2216;5;5634;106
2217;6;6906;347
2218;6;7015;69
2219;6;6830;153
2220;11;12099;124
2221;9;8703;146
2222;11;14685;0
2223;3;3660;229
2224;1;397;0
2225;5;3439;55
2226;8;7669;112
2227;8;7449;75
2228;2;2356;215
2229;8;6369;74
2230;2;2756;52
2231;5;2189;160
2232;9;13133;0
2233;2;972;71
2234;9;13476;207
2235;11;18878;358
2236;6;4863;252
2237;8;9017;74
2238;3;2283;124
2239;9;5620;225
