country;year;gini;inflacja;inflation^2;wz_real_PKB;wyd_rzad_PKB;bezrobocie;globalizacja;technologia
Austria;2004;29,8;2,0612;4,2485;2,7351;53,7;5,83;30,5485;
Austria;2005;28,7;2,2991;5,2859;2,2441;51,2;5,63;31,8243;
Austria;2006;29,6;1,4415;2,0779;3,454;50,4;5,24;33,5569;
Austria;2007;30,6;2,1686;4,7028;3,7274;49,2;4,86;34,1848;12,9838
Austria;2008;30,4;3,216;10,3427;1,4604;49,9;4,13;34,4909;12,6604
Austria;2009;31,5;0,5063;0,2563;-3,7646;54,1;5,3;32,4342;13,4375
Austria;2010;30,3;1,8135;3,2888;1,8371;52,8;4,82;33,7785;13,7053
Austria;2011;30,8;3,2866;10,8017;2,9228;50,9;4,56;36,2958;13,2553
Austria;2012;30,5;2,4857;6,1787;0,6804;51,2;4,87;36,3389;14,5446
Austria;2013;30,8;2,0002;4,0008;0,0255;51,6;5,34;35,3054;15,369
Austria;2014;30,5;1,6058;2,5786;0,6613;52,4;5,62;35,6067;15,4904
Austria;2015;30,5;0,8966;0,8039;1,0145;51,1;5,72;34,7032;15,0326
Austria;2016;30,8;0,8916;0,795;1,9894;50,1;6,01;33,924;14,4531
Austria;2017;29,7;2,0813;4,3318;2,2586;49,3;5,5;36,0594;12,8819
Austria;2018;30,8;1,9984;3,9936;2,4254;48,8;4,85;37,1674;11,6456
Belgium;2004;30,5;2,0973;4,3987;3,5712;49,3;7,36;68,4592;
Belgium;2005;29,3;2,7814;7,7362;2,3217;51,9;8,44;72,2645;
Belgium;2006;28,1;1,7912;3,2084;2,5523;48,8;8,25;74,7838;
Belgium;2007;29,2;1,8231;3,3237;3,6769;48,6;7,46;76,2342;8,4628
Belgium;2008;28,4;4,4894;20,1547;0,4469;50,8;6,98;80,5442;8,9438
Belgium;2009;28,6;-0,0531;0,0028;-2,0207;54,7;7,91;67,703;11,3558
Belgium;2010;28,4;2,1893;4,793;2,8643;53,9;8,29;74,9988;9,2626
Belgium;2011;28,1;3,5321;12,4757;1,6945;55,3;7,14;80,7469;8,6739
Belgium;2012;27,5;2,8397;8,0639;0,7392;56,5;7,54;80,373;8,9409
Belgium;2013;27,7;1,1131;1,239;0,4592;56,1;8,43;78,9254;10,6392
Belgium;2014;28,1;0,34;0,1156;1,5785;55,6;8,52;79,3916;11,9386
Belgium;2015;27,7;0,5614;0,3152;2,0415;53,7;8,48;77,0963;12,3345
Belgium;2016;27,6;1,9739;3,8963;1,2667;53,1;7,83;78,8325;13,3305
Belgium;2017;27,4;2,126;4,5199;1,6196;52;7,09;82,6629;11,4913
Belgium;2018;27,2;2,0532;4,2156;1,7929;52,3;5,95;83,2474;11,7053
Bulgaria;2004;;6,1471;37,7868;6,5104;37,8;12,04;46,5319;
Bulgaria;2005;;5,0388;25,3895;7,0563;36,7;10,08;49,8571;
Bulgaria;2006;35,7;7,2616;52,7308;6,8026;33,7;8,95;55,5237;
Bulgaria;2007;36,1;8,4025;70,602;6,6544;37,7;6,88;61,7663;6,2934
Bulgaria;2008;33,6;12,3487;152,4904;6,1296;37,1;5,61;62,3444;6,9701
Bulgaria;2009;33,8;2,7532;7,5801;-3,3471;39,3;6,82;46,3463;8,6621
Bulgaria;2010;35,7;2,439;5,9487;1,5418;36,1;10,28;51,7058;8,4007
Bulgaria;2011;34,3;4,2199;17,8076;2,1012;33,7;11,26;58,7281;7,8091
Bulgaria;2012;36;2,9546;8,7297;0,7549;34,3;12,27;61,9968;8,0418
Bulgaria;2013;36,6;0,8901;0,7923;-0,5605;37,8;12,94;64,8663;8,2844
Bulgaria;2014;37,4;-1,4182;2,0113;0,9669;43,2;11,42;65,1436;7,5647
Bulgaria;2015;38,6;-0,1046;0,0109;3,4281;40,4;9,14;63,3505;8,4306
Bulgaria;2016;40,6;-0,7986;0,6378;3,0398;34,8;7,57;61,4169;8,9775
Bulgaria;2017;40,4;2,0616;4,2502;2,7622;34,8;6,16;64,8383;9,63
Bulgaria;2018;41,3;2,8145;7,9214;2,6848;36,9;5,21;64,4258;10,3687
Croatia;2004;;2,0554;4,2247;4,1541;48,9;13,66;40,7905;
Croatia;2005;;3,3172;11,0038;4,2629;45,6;12,6;40,7189;
Croatia;2006;;3,1898;10,1748;4,8869;44,9;11,13;41,7899;
Croatia;2007;;2,8993;8,4059;5,0011;45,8;9,91;41,7076;9,5005
Croatia;2008;;6,077;36,9299;2,0019;45,4;8,53;41,1188;9,5189
Croatia;2009;32,6;2,3785;5,6573;-7,1934;50,1;9,2;35,0649;11,3082
Croatia;2010;32,4;1,0306;1,0621;-1,2238;48,6;11,62;36,4915;10,1821
Croatia;2011;32,3;2,2727;5,1652;-0,0866;48,4;13,68;39,0702;8,6911
Croatia;2012;32,5;3,4121;11,6424;-2,3317;48,3;15,93;39,7319;11,8121
Croatia;2013;32;2,2166;4,9133;-0,3978;48,8;17,25;40,7574;12,4935
Croatia;2014;32,1;-0,2152;0,0463;-0,4294;48,6;17,29;42,8854;10,439
Croatia;2015;31,1;-0,4645;0,2158;2,5223;47,5;16,18;45,582;10,7064
Croatia;2016;30,9;-1,125;1,2656;3,5594;46,4;13,1;46,3153;14,4017
Croatia;2017;30,4;1,1294;1,2755;3,4125;44,7;11,21;48,8174;8,7348
Croatia;2018;29,7;1,5001;2,2503;2,8007;45,5;8,43;49,8322;8,8374
Cyprus;2004;30,1;2,2862;5,2267;5,0263;48,9;4,33;56,9518;
Cyprus;2005;30,3;2,5602;6,5546;4,853;45,6;5,3;55,9585;
Cyprus;2006;31,1;2,3047;5,3116;4,7138;44,9;4,54;54,9032;
Cyprus;2007;31,1;2,3727;5,6297;5,0981;45,8;3,92;55,6375;31,2957
Cyprus;2008;31,7;4,669;21,7996;3,6468;45,4;3,65;56,4629;32,0172
Cyprus;2009;32,1;0,3263;0,1065;-2,0153;50,1;5,36;51,3954;32,5294
Cyprus;2010;31,5;2,43;5,9049;2,2835;48,6;6,26;54,4508;38,2015
Cyprus;2011;32,6;3,2894;10,8202;0,4167;48,4;7,86;55,3086;30,3585
Cyprus;2012;34,3;2,3891;5,7078;-3,4474;48,3;11,8;56,1721;16,5915
Cyprus;2013;37;-0,3994;0,1595;-6,5875;48,8;15,87;60,4631;13,0763
Cyprus;2014;35,6;-1,355;1,836;-1,7761;48,6;16,09;65,4222;14,5283
Cyprus;2015;34;-2,097;4,3974;3,4189;47,5;14,91;68,6382;12,7108
Cyprus;2016;32,9;-1,4292;2,0426;6,5736;46,4;12,95;69,511;13,3285
Cyprus;2017;31,4;0,5318;0,2828;5,7335;44,7;11,05;74,0067;13,35
Cyprus;2018;32,7;1,4355;2,0607;5,6479;45,5;8,37;74,264;19,8738
Czechia;2004;27,5;2,7601;7,6182;4,8143;42,3;8,21;56,7445;
Czechia;2005;26,9;1,8571;3,4488;6,6016;42,4;7,93;60,649;
Czechia;2006;26,7;2,534;6,4212;6,7669;41,5;7,15;63,5142;
Czechia;2007;26;2,8531;8,1402;5,5703;40,4;5,32;64,8895;15,2363
Czechia;2008;26,3;6,3587;40,4331;2,6864;40,9;4,39;61,8712;15,773
Czechia;2009;26,2;1,0194;1,0392;-4,6573;44,4;6,66;56,3986;17,4272
Czechia;2010;26,6;1,4727;2,1688;2,4349;43,6;7,28;64,0145;17,8641
Czechia;2011;26,4;1,9172;3,6757;1,7604;43,2;6,71;68,9314;18,7049
Czechia;2012;26,1;3,2876;10,8083;-0,785;44,7;6,98;73,2644;18,5808
Czechia;2013;26,5;1,4383;2,0687;-0,0459;42,7;6,95;73,2112;17,327
Czechia;2014;25,9;0,344;0,1183;2,2621;42,6;6,11;78,7875;17,365
Czechia;2015;25,9;0,3094;0,0957;5,3884;41,9;5,05;77,5878;17,7288
Czechia;2016;25,4;0,6835;0,4672;2,5373;39,8;3,95;75,2931;16,8681
Czechia;2017;24,9;2,4505;6,005;5,1687;39;2,89;75,2663;17,825
Czechia;2018;25;2,1495;4,6204;3,2201;40,6;2,24;73,9743;19,5514
Denmark;2004;24,9;1,1544;1,3326;2,6682;53;5,2;41,1039;
Denmark;2005;25,2;1,8178;3,3044;2,3366;51,2;4,83;44,6999;
Denmark;2006;25,9;1,9242;3,7025;3,913;49,8;3,9;48,6834;
Denmark;2007;26,2;1,6933;2,8673;0,9092;49,6;3,8;50,0339;18,3153
Denmark;2008;25,2;3,4163;11,6711;-0,512;50,4;3,68;52,4141;16,9161
Denmark;2009;26,7;1,3047;1,7022;-4,9065;56,5;6,41;44,8775;18,9298
Denmark;2010;27,2;2,3109;5,3403;1,871;56,7;7,75;47,05;15,4683
Denmark;2011;27,3;2,7587;7,6104;1,3368;56,4;7,77;50,6229;15,2739
Denmark;2012;27,8;2,3979;5,7499;0,2265;58;7,8;51,6205;15,826
Denmark;2013;28,5;0,7891;0,6227;0,9333;55,8;7,38;51,5251;15,8216
Denmark;2014;28,4;0,564;0,3181;1,6194;55,2;6,93;51,132;15,7174
Denmark;2015;28,2;0,452;0,2043;2,3426;54,5;6,28;52,0241;17,1651
Denmark;2016;28,2;0,25;0,0625;3,246;52,5;5,99;50,0844;14,8826
Denmark;2017;28,7;1,1471;1,3158;2,8217;50,5;5,83;51,4897;12,4973
Denmark;2018;28,2;0,8136;0,6619;1,9895;50,5;5,13;53,4875;12,3533
Estonia;2004;33,6;3,0481;9,2909;6,804;34,1;10,25;64,9891;
Estonia;2005;33,4;4,0797;16,644;9,5264;33,7;8,03;67,9694;
Estonia;2006;33,7;4,4376;19,6923;9,7656;33,4;5,91;68,3216;
Estonia;2007;31,2;6,6013;43,5772;7,5791;33,7;4,59;66,9938;11,7966
Estonia;2008;31,9;10,3624;107,3793;-5,132;39,5;5,45;68,3445;10,8095
Estonia;2009;31,4;-0,0784;0,0061;-14,6291;45,9;13,55;58,3824;10,3229
Estonia;2010;32;2,972;8,8328;2,4443;40,3;16,71;71,8391;15,7346
Estonia;2011;32,5;4,9819;24,8193;7,2631;37,4;12,33;83,696;22,2268
Estonia;2012;32,9;3,9334;15,4716;3,2282;39,2;10,02;85,38;20,5674
Estonia;2013;35,1;2,7806;7,7317;1,4584;38,4;8,63;83,2264;20,6759
Estonia;2014;34,6;-0,1062;0,0113;3,0114;37,8;7,35;80,1207;23,6519
Estonia;2015;32,7;-0,4923;0,2424;1,853;39,5;6,41;75,4686;22,7095
Estonia;2016;31,2;0,1487;0,0221;3,1556;39,4;6,88;75,2043;21,8883
Estonia;2017;30,4;3,4172;11,6773;5,792;39,2;5,81;73,7819;17,9345
Estonia;2018;30,3;3,4363;11,8082;3,7842;39,3;5,41;72,9601;18,1715
Finland;2004;27,9;0,1871;0,035;3,9921;49,1;10,36;35,4801;
Finland;2005;27,6;0,6239;0,3893;2,7799;49;8,38;38,2896;
Finland;2006;28;1,5667;2,4545;4,0274;48,1;7,72;40,9917;
Finland;2007;28,3;2,5107;6,3036;5,2993;46,6;6,85;41,4287;21,7676
Finland;2008;27,8;4,066;16,5324;0,784;47,9;6,37;43,0922;21,4872
Finland;2009;27,5;0;0;-8,0744;54,1;8,25;35,0617;18,0155
Finland;2010;27,7;1,1841;1,4021;3,186;53,9;8,39;37,7322;13,1466
Finland;2011;27,6;3,4168;11,6745;2,5477;53,7;7,78;39,2898;11,075
Finland;2012;27,1;2,8083;7,8865;-1,3975;55,4;7,69;39,5853;10,4736
Finland;2013;27,2;1,4783;2,1854;-0,9017;56,8;8,19;38,5469;9,0239
Finland;2014;26,8;1,0412;1,0841;-0,3649;57,3;8,66;37,0564;10,0521
Finland;2015;27,1;-0,2079;0,0432;0,5437;56,5;9,38;35,6913;10,1842
Finland;2016;27,1;0,3567;0,1272;2,8115;55,6;8,82;35,4493;10,0523
Finland;2017;27,4;0,754;0,5685;3,1924;53,6;8,64;37,5266;9,656
Finland;2018;27,3;1,0838;1,1746;1,1397;53,4;7,36;39,0961;9,0176
France;2004;30,6;2,1421;4,5886;2,8298;53;8,91;25,9625;
France;2005;29,8;1,7459;3,0482;1,6632;53,3;8,49;26,9904;
France;2006;29,7;1,6751;2,806;2,4493;52,9;8,45;28,0517;
France;2007;32,4;1,488;2,2141;2,4247;52,6;7,66;28,2104;20,0995
France;2008;33;2,8129;7,9124;0,2549;53,3;7,06;28,6985;21,4329
France;2009;32,7;0,0876;0,0077;-2,8733;57,2;8,74;25,2312;24,0915
France;2010;33,7;1,5311;2,3443;1,9494;56,9;8,87;27,4339;26,2948
France;2011;33,3;2,1116;4,4589;2,1927;56,3;8,81;29,3953;25,0896
France;2012;33,1;1,9542;3,8189;0,3131;57,1;9,4;29,851;26,6627
France;2013;32,5;0,8637;0,746;0,5763;57,2;9,92;29,882;27,156
France;2014;32,3;0,5078;0,2579;0,9562;57,2;10,29;30,2394;27,4407
France;2015;32,7;0,0375;0,0014;1,1129;56,8;10,35;30,8758;28,1846
France;2016;31,9;0,1833;0,0336;1,0955;56,7;10,05;30,5501;27,9095
France;2017;31,6;1,0323;1,0656;2,2914;56,5;9,41;31,4809;25,997
France;2018;32,4;1,8508;3,4255;1,8651;55,6;9,02;32,219;25,917
Germany;2004;30,3;1,6657;2,7746;1,1751;46,8;10,73;33,1131;
Germany;2005;31,8;1,5469;2,3929;0,7317;46,8;11,17;35,4594;
Germany;2006;31,2;1,5774;2,4882;3,8164;45,2;10,25;38,7249;
Germany;2007;31,4;2,2983;5,2822;2,9765;43,4;8,66;39,9372;15,4555
Germany;2008;30,9;2,6284;6,9085;0,9599;44,2;7,52;40,7624;15,0705
Germany;2009;30,5;0,3127;0,0978;-5,6938;48,2;7,74;35,6144;16,7898
Germany;2010;30,3;1,1038;1,2184;4,1799;48,1;6,97;39,9343;16,8849
Germany;2011;30,8;2,0752;4,3065;3,9252;45,2;5,82;42,6031;16,3375
Germany;2012;31,1;2,0085;4,0341;0,4185;44,9;5,38;43,257;17,2215
Germany;2013;31,5;1,5047;2,2641;0,4376;44,9;5,23;42,5394;17,2943
Germany;2014;30,9;0,9068;0,8223;2,2095;44,3;4,98;42,31;17,206
Germany;2015;31,6;0,5144;0,2646;1,4919;44,1;4,62;43,1231;17,8212
Germany;2016;31,6;0,4917;0,2418;2,23;44,4;4,12;42,3848;18,0793
Germany;2017;31,2;1,5095;2,2786;2,6802;44,2;3,75;43,6186;15,8079
Germany;2018;31,7;1,7322;3,0005;0,9812;44,3;3,38;44,2599;15,7445
Greece;2004;33,6;2,8988;8,403;5,061;47,6;10,31;24,9492;
Greece;2005;34,6;3,5451;12,5677;0,5991;45,6;9,99;25,4504;
Greece;2006;35,1;3,1959;10,2138;5,6524;45,1;9,01;26,4251;
Greece;2007;34;2,895;8,381;3,2737;47,1;8,4;28,7622;9,1132
Greece;2008;33,6;4,1528;17,2457;-0,3352;50,8;7,76;29,6649;10,8496
Greece;2009;33,6;1,2101;1,4643;-4,3007;54,1;9,62;23,8719;12,2252
Greece;2010;34,1;4,713;22,2124;-5,4782;53;12,71;25,5986;11,5945
Greece;2011;34,8;3,3299;11,0882;-10,1493;55,1;17,86;28,417;11,2501
Greece;2012;36,3;1,5015;2,2545;-7,0867;56,7;24,44;31,0306;10,1432
Greece;2013;36,1;-0,9213;0,8488;-2,516;62,8;27,47;31,4383;8,4676
Greece;2014;35,8;-1,3123;1,7221;0,4757;50,7;26,49;33,2632;11,4963
Greece;2015;36;-1,7359;3,0133;-0,1961;54,1;24,9;32,6388;12,909
Greece;2016;35;-0,8257;0,6818;-0,4872;49,9;23,54;32,0096;13,7096
Greece;2017;34,4;1,1213;1,2573;1,0921;48,5;21,49;35,7895;12,109
Greece;2018;32,9;0,6256;0,3914;1,6684;48,5;19,29;40,075;12,9498
Hungary;2004;29,9;6,7443;45,4856;5,0046;48,7;5,83;61,7232;
Hungary;2005;34,7;3,5615;12,6843;4,2943;49,3;7,19;63,9065;
Hungary;2006;28,3;3,9303;15,4473;3,9461;51,4;7,49;74,5043;
Hungary;2007;27,9;7,9587;63,3409;0,2774;49,9;7,41;77,7491;26,001
Hungary;2008;27,5;6,0425;36,5118;1,0039;48,7;7,82;79,1626;24,9655
Hungary;2009;27;4,2117;17,7384;-6,5979;50,6;10,03;72,4999;26,7278
Hungary;2010;29,4;4,8556;23,5769;1,0763;48,8;11,17;78,7325;25,9226
Hungary;2011;29,2;3,9299;15,4441;1,8668;49,1;11,03;83,2166;25,1793
Hungary;2012;30,8;5,6521;31,9462;-1,2502;49,1;11;82,8243;21,2196
Hungary;2013;31,5;1,7332;3,004;1,8025;50,1;10,18;82,1731;19,3689
Hungary;2014;30,9;-0,2276;0,0518;4,2322;50;7,73;84,1973;16,6902
Hungary;2015;30,4;-0,0616;0,0038;3,7073;50,4;6,81;83,6602;17,0832
Hungary;2016;30,3;0,3948;0,1559;2,201;46,8;5,11;82,202;17,5591
Hungary;2017;30,6;2,3482;5,514;4,272;46,7;4,16;82,6143;17,1829
Hungary;2018;29,6;2,8502;8,1236;5,3623;46,2;3,71;81,6308;16,8099
Ireland;2004;33,6;2,1996;4,8382;6,7881;32,8;4,49;73,2938;
Ireland;2005;33,8;2,4297;5,9034;5,7398;33;4,34;74,0878;
Ireland;2006;32,7;3,9316;15,4575;4,9879;33,6;4,41;75,0109;
Ireland;2007;31,9;4,8971;23,9816;5,3101;35,6;4,98;76,6984;15,1086
Ireland;2008;30,9;4,0603;16,486;-4,4841;41,6;6,77;80,0197;14,035
Ireland;2009;32,7;-4,4781;20,0534;-5,0958;46,9;12,61;86,7957;12,603
Ireland;2010;32,3;-0,9221;0,8503;1,683;64,9;14,53;94,9627;22,9129
Ireland;2011;32,9;2,5572;6,5393;0,8338;47,2;15,35;93,9213;24,9063
Ireland;2012;33,2;1,6962;2,8771;-0,0055;42,5;15,45;95,7233;25,5854
Ireland;2013;33,5;0,5087;0,2588;1,1257;40,6;13,73;94,6211;24,9845
Ireland;2014;31,9;0,1825;0,0333;8,6494;37,6;11,86;101,1222;24,9251
Ireland;2015;31,8;-0,2899;0,084;24,3704;29,1;9,91;107,715;28,3417
Ireland;2016;32,8;0,0083;0,0001;2,0067;28,1;8,37;113,869;32,8329
Ireland;2017;31,4;0,3405;0,1159;9,0053;26,2;6,71;110,002;29,0262
Ireland;2018;30,6;0,4884;0,2385;8,5275;25,3;5,74;108,5381;24,943
Italy;2004;34,3;2,2067;4,8695;1,4236;46,9;7,87;23,7152;
Italy;2005;33,8;1,9853;3,9414;0,8178;47,2;7,73;24,6505;
Italy;2006;33,7;2,0908;4,3714;1,7906;47,8;6,78;26,5841;
Italy;2007;32,9;1,8297;3,3478;1,4871;46,8;6,08;27,5307;6,719
Italy;2008;33,8;3,3478;11,2078;-0,962;47,8;6,72;27,2464;6,6751
Italy;2009;33,8;0,7748;0,6003;-5,2809;51,1;7,75;22,7094;7,7983
Italy;2010;34,7;1,5255;2,3272;1,7133;49,9;8,36;26,0031;8,0144
Italy;2011;35,1;2,7806;7,7317;0,7073;49,2;8,36;27,5728;7,9694
Italy;2012;35,2;3,0414;9,2501;-2,9809;50,6;10,65;27,8274;7,593
Italy;2013;34,9;1,22;1,4884;-1,8411;51;12,15;27,4338;7,7705
Italy;2014;34,7;0,241;0,0581;-0,0045;50,9;12,68;27,6611;7,7354
Italy;2015;35,4;0,0388;0,0015;0,7783;50,3;11,9;28,2091;8,1509
Italy;2016;35,2;-0,094;0,0088;1,2935;49,1;11,69;27,6838;8,2895
Italy;2017;35,9;1,2265;1,5043;1,6679;48,8;11,21;29,3021;7,8043
Italy;2018;35,2;1,1375;1,2939;0,9258;48,4;10,61;30,1518;7,4755
Latvia;2004;36,4;6,1924;38,3458;8,2841;35,1;11,71;46,5678;
Latvia;2005;39;6,7485;45,5423;10,7204;34,8;10,03;50,1179;
Latvia;2006;35,6;6,5362;42,7219;11,9718;36,5;7,03;50,0665;
Latvia;2007;37,5;10,093;101,8686;9,9419;34,5;6,05;47,7866;7,4407
Latvia;2008;37,2;15,4023;237,2308;-3,2491;38,3;7,74;45,5882;7,3941
Latvia;2009;36;3,5341;12,4899;-14,2601;45,1;17,51;43,2062;8,6888
Latvia;2010;35;-1,0846;1,1764;-4,4556;45,8;19,48;54,3024;8,4519
Latvia;2011;35,8;4,3707;19,103;2,5737;42,3;16,21;62,7452;9,4708
Latvia;2012;35,2;2,2578;5,0977;7,0422;38,8;15,05;64,1142;11,4064
Latvia;2013;35,5;-0,0295;0,0009;2,008;38,5;11,87;62,5789;15,4178
Latvia;2014;35,1;0,6205;0,385;1,9022;38,9;10,85;62,6155;17,727
Latvia;2015;34,2;0,1742;0,0303;3,8853;38,6;9,87;61,1263;18,9245
Latvia;2016;34,3;0,1406;0,0198;2,3686;37,5;9,64;59,4324;17,2405
Latvia;2017;35,6;2,9304;8,5872;3,3125;38,7;8,72;61,9045;17,7179
Latvia;2018;35,1;2,5345;6,4237;3,9919;39,4;7,41;61,7912;20,5482
Lithuania;2004;37;1,1641;1,3551;6,5695;34,1;10,68;52,302;
Lithuania;2005;35,3;2,6585;7,0676;7,7324;34,1;8,32;58,7418;
Lithuania;2006;34,4;3,7391;13,9809;7,4141;34,3;5,78;62,1677;
Lithuania;2007;34,8;5,7372;32,9155;11,1075;35,3;4,25;58,1937;11,4655
Lithuania;2008;35,7;10,9259;119,3753;2,6144;38,1;5,83;63,4245;11,7854
Lithuania;2009;37,2;4,453;19,8292;-14,8386;45;13,79;52,6694;10,5412
Lithuania;2010;33,6;1,3192;1,7403;1,6512;42,4;17,81;64,9437;11,2465
Lithuania;2011;32,5;4,1303;17,0594;6,039;42,5;15,39;74,2236;10,6061
Lithuania;2012;35,1;3,09;9,5481;3,8439;36,2;13,36;77,9216;11,0381
Lithuania;2013;35,3;1,0475;1,0973;3,5501;35,6;11,77;77,9434;11,0225
Lithuania;2014;37,7;0,1038;0,0108;3,537;34,7;10,7;71,3608;11,1386
Lithuania;2015;37,4;-0,8841;0,7816;2,0246;35,2;9,12;69,2762;12,7802
Lithuania;2016;38,4;0,9055;0,8199;2,5188;34,2;7,86;67,2269;12,6394
Lithuania;2017;37,3;3,7229;13,86;4,2826;33,2;7,07;72,4367;12,5773
Lithuania;2018;35,7;2,6979;7,2787;3,9933;34;6,15;74,2974;12,1009
Luxembourg;2004;30,2;2,2257;4,9537;4,2319;43,7;5,11;132,6134;
Luxembourg;2005;30,8;2,4877;6,1887;2,4829;43,4;4,49;142,0387;
Luxembourg;2006;30,9;2,6663;7,1092;6,0167;39,4;4,73;152,9398;
Luxembourg;2007;31,1;2,3125;5,3477;8,0987;37,4;4,07;153,7425;10,7099
Luxembourg;2008;32,6;3,4019;11,5729;-0,3002;37,9;5,06;146,1067;8,0109
Luxembourg;2009;31,2;0,368;0,1354;-3,239;42,7;5,12;131,7664;10,3199
Luxembourg;2010;30,5;2,2737;5,1697;3,7604;42;4,36;146,8359;8,7764
Luxembourg;2011;32,1;3,4107;11,6329;1,0443;41,5;4,9;154,3572;9,0464
Luxembourg;2012;34,3;2,6628;7,0905;1,6499;41,8;5,14;155,8934;8,6804
Luxembourg;2013;32;1,734;3,0068;3,1718;41,2;5,85;160,2668;6,8434
Luxembourg;2014;31,2;0,6285;0,395;2,6231;40,6;5,85;166,7144;5,9725
Luxembourg;2015;32,9;0,4747;0,2253;2,2698;40,4;6,67;175,566;7,1063
Luxembourg;2016;31,7;0,2908;0,0846;4,9782;40;6,29;174,2187;7,967
Luxembourg;2017;34,5;1,7308;2,9957;1,3172;41,3;5,52;176,897;6,9687
Luxembourg;2018;35,4;1,5282;2,3354;1,2193;42,3;5,59;181,212;6,9732
Malta;2004;;2,7908;7,7886;0,1396;35,8;7,32;106,3243;
Malta;2005;;3,008;9,0481;3,3833;34,5;6,92;108,8003;
Malta;2006;28;2,7738;7,694;2,5105;41,9;6,8;126,9184;
Malta;2007;29,2;1,2492;1,5605;4,7753;42,4;6,47;131,1581;53,019
Malta;2008;29;4,2586;18,1357;3,8256;42,2;5,98;149,4094;50,4422
Malta;2009;30,2;2,0843;4,3443;-1,1331;40,9;6,89;147,4767;48,0271
Malta;2010;29;1,5156;2,297;5,5436;42,2;6,85;150,9185;47,1712
Malta;2011;29,1;2,963;8,7794;0,4661;41,2;6,38;159,8518;47,4129
Malta;2012;29,4;2,3758;5,6444;4,1187;40,2;6,2;161,3375;45,9494
Malta;2013;28,8;1,1803;1,3931;5,4731;42;6,11;152,1651;38,7106
Malta;2014;29;0,3103;0,0963;7,6331;42,1;5,73;143,8202;34,7084
Malta;2015;29,4;1,1005;1,2111;9,6081;40,8;5,38;149,7349;30,7947
Malta;2016;29,1;0,6427;0,4131;3,3811;40,3;4,69;151,506;21,9333
Malta;2017;29,2;1,3644;1,8616;10,9253;38,5;4;145,3826;30,3771
Malta;2018;28,7;1,1578;1,3405;6,169;36,4;3,66;136,4983;33,0708
Netherlands;2004;29,8;1,2636;1,5967;1,9849;43,7;4,65;58,8043;
Netherlands;2005;29;1,6881;2,8497;2,0509;42,6;5,87;61,4033;
Netherlands;2006;30;1,1015;1,2133;3,461;43,4;5;63,8861;
Netherlands;2007;29,6;1,6139;2,6047;3,7728;42,7;4,15;65,2289;29,0312
Netherlands;2008;29,3;2,4865;6,1827;2,1703;43,5;3,65;65,5299;26,0126
Netherlands;2009;27,9;1,1898;1,4156;-3,6669;47,9;4,35;58,4448;28,0004
Netherlands;2010;27,8;1,2753;1,6264;1,3427;48,2;4,99;65,761;27,8255
Netherlands;2011;27,8;2,3411;5,4807;1,5512;47,1;4,98;71,2359;25,2077
Netherlands;2012;27,6;2,4555;6,0295;-1,0304;47;5,82;74,6342;25,4572
Netherlands;2013;28,1;2,5069;6,2845;-0,1302;46,8;7,24;74,7747;24,6381
Netherlands;2014;28,6;0,976;0,9526;1,4234;46,1;7,42;75,0269;24,5263
Netherlands;2015;28,2;0,6002;0,3602;1,9592;44,8;6,87;78,9083;24,0463
Netherlands;2016;28,2;0,3167;0,1003;2,1917;43,6;6,01;74,4293;23,985
Netherlands;2017;28,5;1,3815;1,9085;2,9109;42,5;4,84;78,0141;22,9041
Netherlands;2018;28,1;1,7035;2,9019;2,3609;42,3;3,83;79,4116;22,4915
Poland;2004;38;3,3826;11,442;4,9828;43,5;19,07;35,7228;
Poland;2005;35,8;2,1838;4,769;3,5068;44,2;17,75;35,2653;
Poland;2006;34,7;1,2847;1,6505;6,1311;44,5;13,84;38,9854;
Poland;2007;34;2,4587;6,0452;7,0615;42,9;9,6;40,4157;3,775
Poland;2008;33,5;4,165;17,3472;4,2;44,2;7,12;40,4529;5,2296
Poland;2009;33,4;3,7954;14,4051;2,8322;45;8,17;37,6339;7,0786
Poland;2010;33,2;2,5807;6,66;2,9346;46,2;9,64;41,2766;7,7154
Poland;2011;33,2;4,2394;17,9725;5,0422;44,4;9,63;43,6419;6,6166
Poland;2012;33;3,5604;12,6764;1,5452;43,4;10,09;44,6338;7,81
Poland;2013;33,1;0,992;0,9841;0,8566;43,4;10,33;45,3897;8,7434
Poland;2014;32,8;0,0538;0,0029;3,837;42,9;8,99;46,2843;10,0676
Poland;2015;31,8;-0,8741;0,7641;4,3833;41,7;7,5;46,4094;10,7744
Poland;2016;31,2;-0,6648;0,442;2,9535;41,3;6,16;48,77;10,7143
Poland;2017;29,7;2,0759;4,3094;5,14;41,4;4,89;50,6406;10,6663
Poland;2018;30,2;1,813;3,287;5,9452;41,4;3,85;51,7252;10,394
Portugal;2004;38,9;2,3654;5,5951;1,7887;46,2;6,32;31,6023;
Portugal;2005;38,5;2,2772;5,1856;0,7818;46,8;7,58;31,4723;
Portugal;2006;38,1;3,1077;9,6578;1,625;45,2;7,65;34,2735;
Portugal;2007;36,8;2,454;6,0221;2,5066;44,5;7,97;34,9731;8,6028
Portugal;2008;36,6;2,5885;6,7003;0,3192;45,3;7,55;36,0379;8,2362
Portugal;2009;34,9;-0,8355;0,6981;-3,1221;50,2;9,43;30,7463;4,7944
Portugal;2010;35,8;1,4026;1,9673;1,7376;51,9;10,77;33,8916;4,0731
Portugal;2011;36,3;3,653;13,3444;-1,6962;50;12,68;36,5498;4,1239
Portugal;2012;36;2,7733;7,6912;-4,0573;48,9;15,53;38,0254;4,4929
Portugal;2013;36,2;0,2744;0,0753;-0,9226;49,9;16,19;39,0572;4,7001
Portugal;2014;35,6;-0,2782;0,0774;0,7922;51,7;13,9;40,1412;4,8806
Portugal;2015;35,5;0,4879;0,238;1,792;48,2;12,45;40,2454;5,0799
Portugal;2016;35,2;0,6074;0,3689;2,0195;44,8;11,07;39,6371;5,8053
Portugal;2017;33,8;1,3686;1,8731;3,5063;45,4;8,87;42,2196;5,9881
Portugal;2018;33,5;0,9937;0,9874;2,8493;43,2;6,99;43,2144;5,2834
Romania;2004;;11,8744;141,0014;10,4281;33,8;7,72;30,3132;
Romania;2005;;9,0149;81,2684;4,6681;33,5;7,17;29,6803;
Romania;2006;39,6;6,5585;43,0139;8,0288;35,6;7,27;30,8418;
Romania;2007;37,5;4,8373;23,3995;7,2338;37,5;6,41;31,7526;4,4143
Romania;2008;36,4;7,8508;61,6351;9,3075;37,7;5,79;32,5874;6,9221
Romania;2009;35,6;5,5874;31,219;-5,5174;39,9;6,86;29,2364;10,3675
Romania;2010;35,5;6,0914;37,1052;-3,9012;39,5;6,96;34,9166;12,5282
Romania;2011;35,9;5,7893;33,516;4,5171;38,1;7,18;38,0713;11,6358
Romania;2012;36,5;3,3349;11,1216;1,925;36,2;6,79;38,2696;8,1799
Romania;2013;36,9;3,9847;15,8778;0,27;36;7,1;40,7008;7,3982
Romania;2014;36;1,0683;1,1413;4,1207;35,4;6,8;41,6894;8,4092
Romania;2015;35,9;-0,5942;0,3531;3,1605;36;6,81;41,7606;9,4141
Romania;2016;34,4;-1,5448;2,3864;2,8575;35;5,9;42,947;10,3924
Romania;2017;36;1,339;1,7929;8,1965;33,6;4,93;43,5781;9,7796
Romania;2018;35,8;4,6255;21,3953;6,029;34,5;4,19;43,2353;10,0772
Slovak Republic;2004;27,1;7,5485;56,9799;5,2789;37,9;18,6;69,8252;
Slovak Republic;2005;29,3;2,7091;7,3392;6,6235;39,7;16,26;73,8639;
Slovak Republic;2006;25,8;4,4833;20,1;8,4932;38,8;13,37;82,3131;
Slovak Republic;2007;24,7;2,7567;7,5994;10,832;36,4;11,14;83,1648;5,3924
Slovak Republic;2008;26;4,5982;21,1434;5,5749;37;9,51;81,0354;5,0851
Slovak Republic;2009;27,2;1,6151;2,6085;-5,4555;44,4;12,03;68,1203;6,3405
Slovak Republic;2010;27,3;0,957;0,9158;6,7166;42,1;14,38;76,727;7,3545
Slovak Republic;2011;26,5;3,9193;15,3609;2,6715;41,4;13,62;83,9971;7,5229
Slovak Republic;2012;26,1;3,6061;13,004;1,3188;41,1;13,96;88,0832;9,5683
Slovak Republic;2013;28,1;1,4005;1,9614;0,6327;42,5;14,22;90,6753;11,0149
Slovak Republic;2014;26,1;-0,0762;0,0058;2,6972;43,3;13,18;89,0167;11,1476
Slovak Republic;2015;26,5;-0,3252;0,1058;5,1672;45,6;11,48;90,094;11,1586
Slovak Republic;2016;25,2;-0,52;0,2704;1,944;42,5;9,67;92,0167;10,7372
Slovak Republic;2017;23,2;1,3119;1,7211;2,9381;39,5;8,13;94,0296;11,7654
Slovak Republic;2018;25;2,514;6,3202;4,0304;39,7;6,54;94,902;10,6364
Slovenia;2004;24,8;3,593;12,9096;4,3592;46,6;6,01;55,7783;
Slovenia;2005;24,6;2,4515;6,0099;3,798;46,4;6,51;60,1313;
Slovenia;2006;24,4;2,4579;6,0413;5,7464;45,5;5,95;64,8942;
Slovenia;2007;24,4;3,6575;13,3773;6,9802;43,4;4,82;68,5636;5,6854
Slovenia;2008;23,7;5,6474;31,8931;3,5098;45,1;4,37;67,3658;6,4836
Slovenia;2009;24,8;0,8393;0,7044;-7,5484;49,4;5,86;56,5609;6,8476
Slovenia;2010;24,9;1,8012;3,2443;1,3437;50,2;7,24;63,7457;6,0789
Slovenia;2011;24,9;1,8029;3,2504;0,8613;50,9;8,17;69,639;6,2145
Slovenia;2012;25,6;2,5974;6,7465;-2,6394;49,4;8,84;71,1922;6,6617
Slovenia;2013;26,2;1,7692;3,1301;-1,0293;60,3;10,1;71,8782;6,7382
Slovenia;2014;25,7;0,1993;0,0397;2,7682;50,8;9,67;72,7749;6,4172
Slovenia;2015;25,4;-0,5256;0,2763;2,2101;48,7;8,96;73,1479;7,0077
Slovenia;2016;24,8;-0,055;0,003;3,1919;46,2;8;73,3289;7,1441
Slovenia;2017;24,2;1,4291;2,0423;4,8154;44,1;6,56;78,6372;6,5083
Slovenia;2018;24,6;1,7386;3,0227;4,4544;43,5;5,11;80,5712;6,8251
Spain;2004;33,3;3,0392;9,2367;3,1227;38,8;11,09;27,2621;
Spain;2005;32,4;3,3688;11,3488;3,6521;38,5;9,15;27,3811;
Spain;2006;33,5;3,5156;12,3594;4,1027;38,4;8,45;28,0886;
Spain;2007;34,1;2,7868;7,7663;3,6047;39,3;8,23;28,8738;5,6036
Spain;2008;34,2;4,0753;16,6081;0,8871;41,4;11,25;27,9917;5,5825
Spain;2009;34,9;-0,2878;0,0828;-3,7631;46,2;17,86;23,4974;6,4722
Spain;2010;35,2;1,7999;3,2396;0,1629;46;19,86;26,4641;6,5576
Spain;2011;35,7;3,1961;10,2151;-0,8144;46,2;21,39;29,3966;6,5855
Spain;2012;35,4;2,4461;5,9834;-2,9589;49,5;24,79;30,4225;7,2499
Spain;2013;36,2;1,4086;1,9842;-1,4033;46,4;26,09;30,9882;6,9695
Spain;2014;36,1;-0,1511;0,0228;1,3958;45,3;24,44;31,9191;6,911
Spain;2015;36,2;-0,5004;0,2504;3,8385;44;22,06;32,0916;6,8874
Spain;2016;35,8;-0,2026;0,041;3,0378;42,5;19,64;31,8699;7,8011
Spain;2017;34,7;1,9561;3,8263;2,9758;41,3;17,22;33,3285;6,9986
Spain;2018;34,7;1,675;2,8056;2,2845;41,8;15,25;33,7875;6,7665
Sweden;2004;26,1;0,3737;0,1397;4,3369;52,5;6,69;39,2956;
Sweden;2005;26,8;0,4532;0,2054;2,8588;52,3;7,49;41,8757;
Sweden;2006;26,4;1,3602;1,8501;4,6628;51,1;7,07;44,0977;
Sweden;2007;27,1;2,2122;4,8938;3,4392;49,3;6,16;44,581;16,804
Sweden;2008;28,1;3,437;11,813;-0,4506;50;6,23;46,2821;17,2458
Sweden;2009;27,3;-0,4945;0,2445;-4,3398;52,4;8,35;40,7544;18,7701
Sweden;2010;27,7;1,158;1,341;5,9521;50,4;8,61;42,1242;19,4078
Sweden;2011;27,6;2,9612;8,7687;3,1953;49,8;7,8;42,8955;18,6932
Sweden;2012;27,6;0,8884;0,7893;-0,5883;51;7,98;42,6411;17,9784
Sweden;2013;28,8;-0,0443;0,002;1,1878;51,7;8,05;40,4078;18,0204
Sweden;2014;28,4;-0,1796;0,0323;2,6578;50,7;7,95;41,4668;17,8738
Sweden;2015;29,2;-0,0468;0,0022;4,4893;49,3;7,43;41,8619;18,1253
Sweden;2016;29,6;0,9843;0,9688;2,0706;49,7;6,99;41,1603;17,8317
Sweden;2017;28,8;1,7945;3,2202;2,5679;49,2;6,72;42,4674;15,1064
Sweden;2018;30;1,9535;3,8162;1,95;49,9;6,36;44,5656;14,1597
